group,age2009cat,h1yy,pct,upper,lower
het_black_female,1,2000,0,0,0
het_black_female,1,2001,0,0,0
het_black_female,1,2002,0,0,0
het_black_female,1,2003,0,0,0
het_black_female,1,2004,0,0,0
het_black_female,1,2005,0,0,0
het_black_female,1,2006,0,0,0
het_black_female,1,2007,0,0,0
het_black_female,1,2008,0.75,0.75,0
het_black_female,1,2009,0.25,1,0.75
het_black_female,2,2000,0.03194888178913738,0.03194888178913738,0
het_black_female,2,2001,0.022364217252396165,0.054313099041533544,0.03194888178913738
het_black_female,2,2002,0.01597444089456869,0.07028753993610223,0.054313099041533544
het_black_female,2,2003,0.02875399361022364,0.09904153354632587,0.07028753993610223
het_black_female,2,2004,0.03514376996805112,0.134185303514377,0.09904153354632587
het_black_female,2,2005,0.09584664536741214,0.23003194888178913,0.134185303514377
het_black_female,2,2006,0.134185303514377,0.3642172523961661,0.23003194888178913
het_black_female,2,2007,0.15654952076677317,0.5207667731629393,0.3642172523961661
het_black_female,2,2008,0.2268370607028754,0.7476038338658146,0.5207667731629393
het_black_female,2,2009,0.2523961661341853,1,0.7476038338658146
het_black_female,3,2000,0.16738197424892703,0.16738197424892703,0
het_black_female,3,2001,0.043991416309012876,0.2113733905579399,0.16738197424892703
het_black_female,3,2002,0.04935622317596566,0.2607296137339056,0.2113733905579399
het_black_female,3,2003,0.07618025751072961,0.3369098712446352,0.2607296137339056
het_black_female,3,2004,0.08798283261802575,0.4248927038626609,0.3369098712446352
het_black_female,3,2005,0.09012875536480687,0.5150214592274678,0.4248927038626609
het_black_female,3,2006,0.11909871244635194,0.6341201716738197,0.5150214592274678
het_black_female,3,2007,0.10407725321888411,0.7381974248927039,0.6341201716738197
het_black_female,3,2008,0.13197424892703863,0.8701716738197425,0.7381974248927039
het_black_female,3,2009,0.1298283261802575,1,0.8701716738197425
het_black_female,4,2000,0.2771179730799683,0.2771179730799683,0
het_black_female,4,2001,0.0728424386381631,0.3499604117181314,0.2771179730799683
het_black_female,4,2002,0.04513064133016627,0.3950910530482977,0.3499604117181314
het_black_female,4,2003,0.06967537608867776,0.46476642913697547,0.3950910530482977
het_black_female,4,2004,0.06571654790182106,0.5304829770387965,0.46476642913697547
het_black_female,4,2005,0.07125890736342043,0.601741884402217,0.5304829770387965
het_black_female,4,2006,0.0768012668250198,0.6785431512272367,0.601741884402217
het_black_female,4,2007,0.10055423594615993,0.7790973871733967,0.6785431512272367
het_black_female,4,2008,0.1060965954077593,0.885193982581156,0.7790973871733967
het_black_female,4,2009,0.11480601741884403,1,0.885193982581156
het_black_female,5,2000,0.2937853107344633,0.2937853107344633,0
het_black_female,5,2001,0.062146892655367235,0.3559322033898305,0.2937853107344633
het_black_female,5,2002,0.04943502824858757,0.4053672316384181,0.3559322033898305
het_black_female,5,2003,0.08050847457627118,0.4858757062146893,0.4053672316384181
het_black_female,5,2004,0.08333333333333333,0.5692090395480226,0.4858757062146893
het_black_female,5,2005,0.0692090395480226,0.6384180790960452,0.5692090395480226
het_black_female,5,2006,0.08192090395480225,0.7203389830508474,0.6384180790960452
het_black_female,5,2007,0.08898305084745763,0.809322033898305,0.7203389830508474
het_black_female,5,2008,0.10734463276836158,0.9166666666666666,0.809322033898305
het_black_female,5,2009,0.08333333333333333,1,0.9166666666666666
het_black_female,6,2000,0.3096774193548387,0.3096774193548387,0
het_black_female,6,2001,0.07096774193548387,0.3806451612903226,0.3096774193548387
het_black_female,6,2002,0.025806451612903226,0.40645161290322585,0.3806451612903226
het_black_female,6,2003,0.08387096774193549,0.4903225806451613,0.40645161290322585
het_black_female,6,2004,0.06451612903225806,0.5548387096774193,0.4903225806451613
het_black_female,6,2005,0.07096774193548387,0.6258064516129033,0.5548387096774193
het_black_female,6,2006,0.05161290322580645,0.6774193548387097,0.6258064516129033
het_black_female,6,2007,0.05806451612903226,0.7354838709677419,0.6774193548387097
het_black_female,6,2008,0.15483870967741936,0.8903225806451613,0.7354838709677419
het_black_female,6,2009,0.10967741935483871,1,0.8903225806451613
het_black_female,7,2000,0.35135135135135137,0.35135135135135137,0
het_black_female,7,2001,0.08108108108108109,0.43243243243243246,0.35135135135135137
het_black_female,7,2002,0.08108108108108109,0.5135135135135136,0.43243243243243246
het_black_female,7,2003,0.08108108108108109,0.5945945945945946,0.5135135135135136
het_black_female,7,2004,0.05405405405405406,0.6486486486486487,0.5945945945945946
het_black_female,7,2005,0.10810810810810811,0.7567567567567568,0.6486486486486487
het_black_female,7,2006,0.08108108108108109,0.8378378378378379,0.7567567567567568
het_black_female,7,2007,0.02702702702702703,0.8648648648648649,0.8378378378378379
het_black_female,7,2008,0.13513513513513514,1,0.8648648648648649
het_black_female,7,2009,0,1,1
idu_black_male,1,2000,0,0,0
idu_black_male,1,2001,0,0,0
idu_black_male,1,2002,0,0,0
idu_black_male,1,2003,0,0,0
idu_black_male,1,2004,0,0,0
idu_black_male,1,2005,0,0,0
idu_black_male,1,2006,0,0,0
idu_black_male,1,2007,0,0,0
idu_black_male,1,2008,0,0,0
idu_black_male,1,2009,1,1,0
idu_black_male,2,2000,0.05555555555555555,0.05555555555555555,0
idu_black_male,2,2001,0,0.05555555555555555,0.05555555555555555
idu_black_male,2,2002,0.05555555555555555,0.1111111111111111,0.05555555555555555
idu_black_male,2,2003,0,0.1111111111111111,0.1111111111111111
idu_black_male,2,2004,0,0.1111111111111111,0.1111111111111111
idu_black_male,2,2005,0,0.1111111111111111,0.1111111111111111
idu_black_male,2,2006,0,0.1111111111111111,0.1111111111111111
idu_black_male,2,2007,0.3333333333333333,0.4444444444444444,0.1111111111111111
idu_black_male,2,2008,0.2777777777777778,0.7222222222222222,0.4444444444444444
idu_black_male,2,2009,0.2777777777777778,1,0.7222222222222222
idu_black_male,3,2000,0.29411764705882354,0.29411764705882354,0
idu_black_male,3,2001,0.014705882352941176,0.3088235294117647,0.29411764705882354
idu_black_male,3,2002,0.0661764705882353,0.375,0.3088235294117647
idu_black_male,3,2003,0.029411764705882353,0.40441176470588236,0.375
idu_black_male,3,2004,0.10294117647058823,0.5073529411764706,0.40441176470588236
idu_black_male,3,2005,0.0661764705882353,0.5735294117647058,0.5073529411764706
idu_black_male,3,2006,0.09558823529411764,0.6691176470588235,0.5735294117647058
idu_black_male,3,2007,0.09558823529411764,0.7647058823529411,0.6691176470588235
idu_black_male,3,2008,0.125,0.8897058823529411,0.7647058823529411
idu_black_male,3,2009,0.11029411764705882,1,0.8897058823529411
idu_black_male,4,2000,0.4329896907216495,0.4329896907216495,0
idu_black_male,4,2001,0.06013745704467354,0.49312714776632305,0.4329896907216495
idu_black_male,4,2002,0.036941580756013746,0.5300687285223368,0.49312714776632305
idu_black_male,4,2003,0.0661512027491409,0.5962199312714777,0.5300687285223368
idu_black_male,4,2004,0.06701030927835051,0.6632302405498282,0.5962199312714777
idu_black_male,4,2005,0.06443298969072164,0.7276632302405498,0.6632302405498282
idu_black_male,4,2006,0.0661512027491409,0.7938144329896908,0.7276632302405498
idu_black_male,4,2007,0.07130584192439862,0.8651202749140894,0.7938144329896908
idu_black_male,4,2008,0.06872852233676977,0.9338487972508591,0.8651202749140894
idu_black_male,4,2009,0.0661512027491409,1,0.9338487972508591
idu_black_male,5,2000,0.5184257602862254,0.5184257602862254,0
idu_black_male,5,2001,0.05831842576028622,0.5767441860465117,0.5184257602862254
idu_black_male,5,2002,0.04364937388193202,0.6203935599284437,0.5767441860465117
idu_black_male,5,2003,0.05152057245080501,0.6719141323792487,0.6203935599284437
idu_black_male,5,2004,0.06118067978533095,0.7330948121645796,0.6719141323792487
idu_black_male,5,2005,0.04686940966010734,0.7799642218246869,0.7330948121645796
idu_black_male,5,2006,0.05080500894454383,0.8307692307692308,0.7799642218246869
idu_black_male,5,2007,0.057245080500894455,0.8880143112701253,0.8307692307692308
idu_black_male,5,2008,0.052236135957066186,0.9402504472271914,0.8880143112701253
idu_black_male,5,2009,0.059749552772808585,1,0.9402504472271914
idu_black_male,6,2000,0.5717821782178217,0.5717821782178217,0
idu_black_male,6,2001,0.06064356435643564,0.6324257425742574,0.5717821782178217
idu_black_male,6,2002,0.04702970297029703,0.6794554455445544,0.6324257425742574
idu_black_male,6,2003,0.043316831683168314,0.7227722772277227,0.6794554455445544
idu_black_male,6,2004,0.04579207920792079,0.7685643564356435,0.7227722772277227
idu_black_male,6,2005,0.03341584158415842,0.8019801980198019,0.7685643564356435
idu_black_male,6,2006,0.06435643564356436,0.8663366336633663,0.8019801980198019
idu_black_male,6,2007,0.043316831683168314,0.9096534653465346,0.8663366336633663
idu_black_male,6,2008,0.039603960396039604,0.9492574257425742,0.9096534653465346
idu_black_male,6,2009,0.050742574257425746,1,0.9492574257425742
idu_black_male,7,2000,0.6666666666666666,0.6666666666666666,0
idu_black_male,7,2001,0,0.6666666666666666,0.6666666666666666
idu_black_male,7,2002,0.015151515151515152,0.6818181818181818,0.6666666666666666
idu_black_male,7,2003,0.030303030303030304,0.712121212121212,0.6818181818181818
idu_black_male,7,2004,0.06060606060606061,0.7727272727272727,0.712121212121212
idu_black_male,7,2005,0.030303030303030304,0.803030303030303,0.7727272727272727
idu_black_male,7,2006,0.045454545454545456,0.8484848484848484,0.803030303030303
idu_black_male,7,2007,0.07575757575757576,0.9242424242424242,0.8484848484848484
idu_black_male,7,2008,0.06060606060606061,0.9848484848484849,0.9242424242424242
idu_black_male,7,2009,0.015151515151515152,1,0.9848484848484849
idu_hisp_male,2,2000,0,0,0
idu_hisp_male,2,2001,0,0,0
idu_hisp_male,2,2002,0,0,0
idu_hisp_male,2,2003,0,0,0
idu_hisp_male,2,2004,0.07692307692307693,0.07692307692307693,0
idu_hisp_male,2,2005,0,0.07692307692307693,0.07692307692307693
idu_hisp_male,2,2006,0.15384615384615385,0.23076923076923078,0.07692307692307693
idu_hisp_male,2,2007,0.3076923076923077,0.5384615384615385,0.23076923076923078
idu_hisp_male,2,2008,0.15384615384615385,0.6923076923076923,0.5384615384615385
idu_hisp_male,2,2009,0.3076923076923077,1,0.6923076923076923
idu_hisp_male,3,2000,0.18018018018018017,0.18018018018018017,0
idu_hisp_male,3,2001,0.05405405405405406,0.23423423423423423,0.18018018018018017
idu_hisp_male,3,2002,0.04504504504504504,0.27927927927927926,0.23423423423423423
idu_hisp_male,3,2003,0.05405405405405406,0.3333333333333333,0.27927927927927926
idu_hisp_male,3,2004,0.07207207207207207,0.4054054054054054,0.3333333333333333
idu_hisp_male,3,2005,0.13513513513513514,0.5405405405405406,0.4054054054054054
idu_hisp_male,3,2006,0.07207207207207207,0.6126126126126126,0.5405405405405406
idu_hisp_male,3,2007,0.08108108108108109,0.6936936936936937,0.6126126126126126
idu_hisp_male,3,2008,0.15315315315315314,0.8468468468468469,0.6936936936936937
idu_hisp_male,3,2009,0.15315315315315314,1,0.8468468468468469
idu_hisp_male,4,2000,0.39928057553956836,0.39928057553956836,0
idu_hisp_male,4,2001,0.0539568345323741,0.45323741007194246,0.39928057553956836
idu_hisp_male,4,2002,0.046762589928057555,0.5,0.45323741007194246
idu_hisp_male,4,2003,0.0539568345323741,0.5539568345323741,0.5
idu_hisp_male,4,2004,0.05755395683453238,0.6115107913669064,0.5539568345323741
idu_hisp_male,4,2005,0.06474820143884892,0.6762589928057554,0.6115107913669064
idu_hisp_male,4,2006,0.08992805755395683,0.7661870503597122,0.6762589928057554
idu_hisp_male,4,2007,0.08273381294964029,0.8489208633093526,0.7661870503597122
idu_hisp_male,4,2008,0.08992805755395683,0.9388489208633094,0.8489208633093526
idu_hisp_male,4,2009,0.06115107913669065,1,0.9388489208633094
idu_hisp_male,5,2000,0.5664335664335665,0.5664335664335665,0
idu_hisp_male,5,2001,0.07226107226107226,0.6386946386946387,0.5664335664335665
idu_hisp_male,5,2002,0.04195804195804196,0.6806526806526807,0.6386946386946387
idu_hisp_male,5,2003,0.039627039627039624,0.7202797202797203,0.6806526806526807
idu_hisp_male,5,2004,0.04195804195804196,0.7622377622377623,0.7202797202797203
idu_hisp_male,5,2005,0.030303030303030304,0.7925407925407926,0.7622377622377623
idu_hisp_male,5,2006,0.046620046620046623,0.8391608391608392,0.7925407925407926
idu_hisp_male,5,2007,0.0675990675990676,0.9067599067599068,0.8391608391608392
idu_hisp_male,5,2008,0.05128205128205128,0.958041958041958,0.9067599067599068
idu_hisp_male,5,2009,0.04195804195804196,1,0.958041958041958
idu_hisp_male,6,2000,0.6721311475409836,0.6721311475409836,0
idu_hisp_male,6,2001,0.040983606557377046,0.7131147540983607,0.6721311475409836
idu_hisp_male,6,2002,0.040983606557377046,0.7540983606557377,0.7131147540983607
idu_hisp_male,6,2003,0.040983606557377046,0.7950819672131147,0.7540983606557377
idu_hisp_male,6,2004,0.05737704918032787,0.8524590163934426,0.7950819672131147
idu_hisp_male,6,2005,0.05737704918032787,0.9098360655737705,0.8524590163934426
idu_hisp_male,6,2006,0.01639344262295082,0.9262295081967212,0.9098360655737705
idu_hisp_male,6,2007,0.03278688524590164,0.9590163934426229,0.9262295081967212
idu_hisp_male,6,2008,0.03278688524590164,0.9918032786885246,0.9590163934426229
idu_hisp_male,6,2009,0.00819672131147541,1,0.9918032786885246
idu_hisp_male,7,2000,0.4,0.4,0
idu_hisp_male,7,2001,0,0.4,0.4
idu_hisp_male,7,2002,0,0.4,0.4
idu_hisp_male,7,2003,0,0.4,0.4
idu_hisp_male,7,2004,0,0.4,0.4
idu_hisp_male,7,2005,0,0.4,0.4
idu_hisp_male,7,2006,0.2,0.6000000000000001,0.4
idu_hisp_male,7,2007,0.4,1,0.6000000000000001
idu_hisp_male,7,2008,0,1,1
idu_hisp_male,7,2009,0,1,1
msm_black_male,1,2000,0,0,0
msm_black_male,1,2001,0,0,0
msm_black_male,1,2002,0,0,0
msm_black_male,1,2003,0,0,0
msm_black_male,1,2004,0,0,0
msm_black_male,1,2005,0,0,0
msm_black_male,1,2006,0,0,0
msm_black_male,1,2007,0,0,0
msm_black_male,1,2008,0,0,0
msm_black_male,1,2009,1,1,0
msm_black_male,2,2000,0.012589928057553957,0.012589928057553957,0
msm_black_male,2,2001,0.014388489208633094,0.02697841726618705,0.012589928057553957
msm_black_male,2,2002,0.017985611510791366,0.044964028776978415,0.02697841726618705
msm_black_male,2,2003,0.02158273381294964,0.06654676258992806,0.044964028776978415
msm_black_male,2,2004,0.050359712230215826,0.11690647482014388,0.06654676258992806
msm_black_male,2,2005,0.06115107913669065,0.17805755395683454,0.11690647482014388
msm_black_male,2,2006,0.08273381294964029,0.2607913669064748,0.17805755395683454
msm_black_male,2,2007,0.1366906474820144,0.39748201438848924,0.2607913669064748
msm_black_male,2,2008,0.25719424460431656,0.6546762589928058,0.39748201438848924
msm_black_male,2,2009,0.34532374100719426,1,0.6546762589928058
msm_black_male,3,2000,0.15051020408163265,0.15051020408163265,0
msm_black_male,3,2001,0.044642857142857144,0.1951530612244898,0.15051020408163265
msm_black_male,3,2002,0.05357142857142857,0.24872448979591838,0.1951530612244898
msm_black_male,3,2003,0.05994897959183673,0.3086734693877551,0.24872448979591838
msm_black_male,3,2004,0.07397959183673469,0.3826530612244898,0.3086734693877551
msm_black_male,3,2005,0.07653061224489796,0.45918367346938777,0.3826530612244898
msm_black_male,3,2006,0.10076530612244898,0.5599489795918368,0.45918367346938777
msm_black_male,3,2007,0.12627551020408162,0.6862244897959183,0.5599489795918368
msm_black_male,3,2008,0.14795918367346939,0.8341836734693877,0.6862244897959183
msm_black_male,3,2009,0.16581632653061223,1,0.8341836734693877
msm_black_male,4,2000,0.34119380987472364,0.34119380987472364,0
msm_black_male,4,2001,0.06263817243920412,0.40383198231392775,0.34119380987472364
msm_black_male,4,2002,0.05305821665438467,0.45689019896831246,0.40383198231392775
msm_black_male,4,2003,0.06190125276344879,0.5187914517317612,0.45689019896831246
msm_black_male,4,2004,0.07148120854826824,0.5902726602800294,0.5187914517317612
msm_black_male,4,2005,0.06411201179071481,0.6543846720707442,0.5902726602800294
msm_black_male,4,2006,0.08327192336035372,0.737656595431098,0.6543846720707442
msm_black_male,4,2007,0.07737656595431099,0.8150331613854089,0.737656595431098
msm_black_male,4,2008,0.09137803979366249,0.9064112011790715,0.8150331613854089
msm_black_male,4,2009,0.09358879882092852,1,0.9064112011790715
msm_black_male,5,2000,0.44368600682593856,0.44368600682593856,0
msm_black_male,5,2001,0.06484641638225255,0.5085324232081911,0.44368600682593856
msm_black_male,5,2002,0.04778156996587031,0.5563139931740614,0.5085324232081911
msm_black_male,5,2003,0.07679180887372014,0.6331058020477816,0.5563139931740614
msm_black_male,5,2004,0.07167235494880546,0.704778156996587,0.6331058020477816
msm_black_male,5,2005,0.04778156996587031,0.7525597269624573,0.704778156996587
msm_black_male,5,2006,0.06484641638225255,0.8174061433447098,0.7525597269624573
msm_black_male,5,2007,0.07167235494880546,0.8890784982935154,0.8174061433447098
msm_black_male,5,2008,0.052901023890784986,0.9419795221843004,0.8890784982935154
msm_black_male,5,2009,0.05802047781569966,1,0.9419795221843004
msm_black_male,6,2000,0.4878048780487805,0.4878048780487805,0
msm_black_male,6,2001,0.06504065040650407,0.5528455284552846,0.4878048780487805
msm_black_male,6,2002,0.07317073170731707,0.6260162601626016,0.5528455284552846
msm_black_male,6,2003,0.056910569105691054,0.6829268292682926,0.6260162601626016
msm_black_male,6,2004,0.056910569105691054,0.7398373983739838,0.6829268292682926
msm_black_male,6,2005,0.056910569105691054,0.7967479674796748,0.7398373983739838
msm_black_male,6,2006,0.032520325203252036,0.8292682926829268,0.7967479674796748
msm_black_male,6,2007,0.032520325203252036,0.8617886178861789,0.8292682926829268
msm_black_male,6,2008,0.08130081300813008,0.943089430894309,0.8617886178861789
msm_black_male,6,2009,0.056910569105691054,1,0.943089430894309
msm_black_male,7,2000,0.4444444444444444,0.4444444444444444,0
msm_black_male,7,2001,0.05555555555555555,0.5,0.4444444444444444
msm_black_male,7,2002,0.1111111111111111,0.611111111111111,0.5
msm_black_male,7,2003,0,0.611111111111111,0.611111111111111
msm_black_male,7,2004,0,0.611111111111111,0.611111111111111
msm_black_male,7,2005,0.16666666666666666,0.7777777777777777,0.611111111111111
msm_black_male,7,2006,0,0.7777777777777777,0.7777777777777777
msm_black_male,7,2007,0.05555555555555555,0.8333333333333333,0.7777777777777777
msm_black_male,7,2008,0.16666666666666666,1,0.8333333333333333
msm_black_male,7,2009,0,1,1
idu_white_male,2,2000,0.015873015873015872,0.015873015873015872,0
idu_white_male,2,2001,0.015873015873015872,0.031746031746031744,0.015873015873015872
idu_white_male,2,2002,0.015873015873015872,0.047619047619047616,0.031746031746031744
idu_white_male,2,2003,0.015873015873015872,0.06349206349206349,0.047619047619047616
idu_white_male,2,2004,0.015873015873015872,0.07936507936507936,0.06349206349206349
idu_white_male,2,2005,0.09523809523809523,0.1746031746031746,0.07936507936507936
idu_white_male,2,2006,0.1111111111111111,0.2857142857142857,0.1746031746031746
idu_white_male,2,2007,0.19047619047619047,0.47619047619047616,0.2857142857142857
idu_white_male,2,2008,0.23809523809523808,0.7142857142857142,0.47619047619047616
idu_white_male,2,2009,0.2857142857142857,1,0.7142857142857142
idu_white_male,3,2000,0.20103092783505155,0.20103092783505155,0
idu_white_male,3,2001,0.05670103092783505,0.2577319587628866,0.20103092783505155
idu_white_male,3,2002,0.04639175257731959,0.3041237113402062,0.2577319587628866
idu_white_male,3,2003,0.03608247422680412,0.3402061855670103,0.3041237113402062
idu_white_male,3,2004,0.07474226804123711,0.41494845360824745,0.3402061855670103
idu_white_male,3,2005,0.10051546391752578,0.5154639175257733,0.41494845360824745
idu_white_male,3,2006,0.06958762886597938,0.5850515463917526,0.5154639175257733
idu_white_male,3,2007,0.15721649484536082,0.7422680412371134,0.5850515463917526
idu_white_male,3,2008,0.11855670103092783,0.8608247422680413,0.7422680412371134
idu_white_male,3,2009,0.13917525773195877,1,0.8608247422680413
idu_white_male,4,2000,0.45404984423676015,0.45404984423676015,0
idu_white_male,4,2001,0.053738317757009345,0.5077881619937695,0.45404984423676015
idu_white_male,4,2002,0.031931464174454825,0.5397196261682243,0.5077881619937695
idu_white_male,4,2003,0.05451713395638629,0.5942367601246106,0.5397196261682243
idu_white_male,4,2004,0.06853582554517133,0.6627725856697819,0.5942367601246106
idu_white_male,4,2005,0.05996884735202492,0.7227414330218068,0.6627725856697819
idu_white_male,4,2006,0.07242990654205607,0.7951713395638629,0.7227414330218068
idu_white_male,4,2007,0.06230529595015576,0.8574766355140186,0.7951713395638629
idu_white_male,4,2008,0.07398753894080996,0.9314641744548287,0.8574766355140186
idu_white_male,4,2009,0.06853582554517133,1,0.9314641744548287
idu_white_male,5,2000,0.5430830039525691,0.5430830039525691,0
idu_white_male,5,2001,0.05691699604743083,0.6,0.5430830039525691
idu_white_male,5,2002,0.05059288537549407,0.6505928853754941,0.6
idu_white_male,5,2003,0.05533596837944664,0.7059288537549406,0.6505928853754941
idu_white_male,5,2004,0.06007905138339921,0.7660079051383399,0.7059288537549406
idu_white_male,5,2005,0.04743083003952569,0.8134387351778656,0.7660079051383399
idu_white_male,5,2006,0.04110671936758893,0.8545454545454545,0.8134387351778656
idu_white_male,5,2007,0.05059288537549407,0.9051383399209486,0.8545454545454545
idu_white_male,5,2008,0.05375494071146245,0.9588932806324111,0.9051383399209486
idu_white_male,5,2009,0.04110671936758893,1,0.9588932806324111
idu_white_male,6,2000,0.6193181818181818,0.6193181818181818,0
idu_white_male,6,2001,0.028409090909090908,0.6477272727272727,0.6193181818181818
idu_white_male,6,2002,0.03125,0.6789772727272727,0.6477272727272727
idu_white_male,6,2003,0.07102272727272728,0.75,0.6789772727272727
idu_white_male,6,2004,0.048295454545454544,0.7982954545454545,0.75
idu_white_male,6,2005,0.04261363636363636,0.8409090909090908,0.7982954545454545
idu_white_male,6,2006,0.03125,0.8721590909090908,0.8409090909090908
idu_white_male,6,2007,0.04261363636363636,0.9147727272727272,0.8721590909090908
idu_white_male,6,2008,0.048295454545454544,0.9630681818181818,0.9147727272727272
idu_white_male,6,2009,0.036931818181818184,1,0.9630681818181818
idu_white_male,7,2000,0.5384615384615384,0.5384615384615384,0
idu_white_male,7,2001,0.11538461538461539,0.6538461538461539,0.5384615384615384
idu_white_male,7,2002,0.07692307692307693,0.7307692307692307,0.6538461538461539
idu_white_male,7,2003,0.11538461538461539,0.8461538461538461,0.7307692307692307
idu_white_male,7,2004,0.038461538461538464,0.8846153846153846,0.8461538461538461
idu_white_male,7,2005,0,0.8846153846153846,0.8846153846153846
idu_white_male,7,2006,0,0.8846153846153846,0.8846153846153846
idu_white_male,7,2007,0.038461538461538464,0.9230769230769231,0.8846153846153846
idu_white_male,7,2008,0.038461538461538464,0.9615384615384616,0.9230769230769231
idu_white_male,7,2009,0.038461538461538464,1,0.9615384615384616
het_hisp_female,1,2000,0,0,0
het_hisp_female,1,2001,0,0,0
het_hisp_female,1,2002,0,0,0
het_hisp_female,1,2003,0,0,0
het_hisp_female,1,2004,0,0,0
het_hisp_female,1,2005,0,0,0
het_hisp_female,1,2006,0,0,0
het_hisp_female,1,2007,0,0,0
het_hisp_female,1,2008,0.5,0.5,0
het_hisp_female,1,2009,0.5,1,0.5
het_hisp_female,2,2000,0.06666666666666667,0.06666666666666667,0
het_hisp_female,2,2001,0.02666666666666667,0.09333333333333334,0.06666666666666667
het_hisp_female,2,2002,0.06666666666666667,0.16,0.09333333333333334
het_hisp_female,2,2003,0.02666666666666667,0.18666666666666668,0.16
het_hisp_female,2,2004,0.06666666666666667,0.25333333333333335,0.18666666666666668
het_hisp_female,2,2005,0.16,0.41333333333333333,0.25333333333333335
het_hisp_female,2,2006,0.08,0.49333333333333335,0.41333333333333333
het_hisp_female,2,2007,0.10666666666666667,0.6,0.49333333333333335
het_hisp_female,2,2008,0.24,0.84,0.6
het_hisp_female,2,2009,0.16,1,0.84
het_hisp_female,3,2000,0.18518518518518517,0.18518518518518517,0
het_hisp_female,3,2001,0.0411522633744856,0.22633744855967078,0.18518518518518517
het_hisp_female,3,2002,0.037037037037037035,0.2633744855967078,0.22633744855967078
het_hisp_female,3,2003,0.09053497942386832,0.35390946502057613,0.2633744855967078
het_hisp_female,3,2004,0.11934156378600823,0.4732510288065844,0.35390946502057613
het_hisp_female,3,2005,0.102880658436214,0.5761316872427984,0.4732510288065844
het_hisp_female,3,2006,0.1111111111111111,0.6872427983539094,0.5761316872427984
het_hisp_female,3,2007,0.07818930041152264,0.7654320987654321,0.6872427983539094
het_hisp_female,3,2008,0.12345679012345678,0.8888888888888888,0.7654320987654321
het_hisp_female,3,2009,0.1111111111111111,1,0.8888888888888888
het_hisp_female,4,2000,0.3032258064516129,0.3032258064516129,0
het_hisp_female,4,2001,0.04516129032258064,0.34838709677419355,0.3032258064516129
het_hisp_female,4,2002,0.041935483870967745,0.3903225806451613,0.34838709677419355
het_hisp_female,4,2003,0.06451612903225806,0.45483870967741935,0.3903225806451613
het_hisp_female,4,2004,0.0967741935483871,0.5516129032258065,0.45483870967741935
het_hisp_female,4,2005,0.08709677419354839,0.6387096774193548,0.5516129032258065
het_hisp_female,4,2006,0.1032258064516129,0.7419354838709677,0.6387096774193548
het_hisp_female,4,2007,0.06451612903225806,0.8064516129032258,0.7419354838709677
het_hisp_female,4,2008,0.1032258064516129,0.9096774193548387,0.8064516129032258
het_hisp_female,4,2009,0.09032258064516129,1,0.9096774193548387
het_hisp_female,5,2000,0.35403726708074534,0.35403726708074534,0
het_hisp_female,5,2001,0.055900621118012424,0.40993788819875776,0.35403726708074534
het_hisp_female,5,2002,0.043478260869565216,0.453416149068323,0.40993788819875776
het_hisp_female,5,2003,0.06832298136645963,0.5217391304347826,0.453416149068323
het_hisp_female,5,2004,0.08074534161490683,0.6024844720496895,0.5217391304347826
het_hisp_female,5,2005,0.08695652173913043,0.6894409937888198,0.6024844720496895
het_hisp_female,5,2006,0.07453416149068323,0.7639751552795031,0.6894409937888198
het_hisp_female,5,2007,0.07453416149068323,0.8385093167701864,0.7639751552795031
het_hisp_female,5,2008,0.09316770186335403,0.9316770186335404,0.8385093167701864
het_hisp_female,5,2009,0.06832298136645963,1,0.9316770186335404
het_hisp_female,6,2000,0.38596491228070173,0.38596491228070173,0
het_hisp_female,6,2001,0.10526315789473684,0.49122807017543857,0.38596491228070173
het_hisp_female,6,2002,0.05263157894736842,0.5438596491228069,0.49122807017543857
het_hisp_female,6,2003,0.08771929824561403,0.631578947368421,0.5438596491228069
het_hisp_female,6,2004,0.07017543859649122,0.7017543859649122,0.631578947368421
het_hisp_female,6,2005,0.017543859649122806,0.7192982456140351,0.7017543859649122
het_hisp_female,6,2006,0,0.7192982456140351,0.7192982456140351
het_hisp_female,6,2007,0.08771929824561403,0.8070175438596491,0.7192982456140351
het_hisp_female,6,2008,0.10526315789473684,0.9122807017543859,0.8070175438596491
het_hisp_female,6,2009,0.08771929824561403,1,0.9122807017543859
het_hisp_female,7,2000,0.5,0.5,0
het_hisp_female,7,2001,0.5,1,0.5
het_hisp_female,7,2002,0,1,1
het_hisp_female,7,2003,0,1,1
het_hisp_female,7,2004,0,1,1
het_hisp_female,7,2005,0,1,1
het_hisp_female,7,2006,0,1,1
het_hisp_female,7,2007,0,1,1
het_hisp_female,7,2008,0,1,1
het_hisp_female,7,2009,0,1,1
het_black_male,1,2000,0.5,0.5,0
het_black_male,1,2001,0,0.5,0.5
het_black_male,1,2002,0,0.5,0.5
het_black_male,1,2003,0,0.5,0.5
het_black_male,1,2004,0,0.5,0.5
het_black_male,1,2005,0,0.5,0.5
het_black_male,1,2006,0,0.5,0.5
het_black_male,1,2007,0,0.5,0.5
het_black_male,1,2008,0.5,1,0.5
het_black_male,1,2009,0,1,1
het_black_male,2,2000,0.023809523809523808,0.023809523809523808,0
het_black_male,2,2001,0.023809523809523808,0.047619047619047616,0.023809523809523808
het_black_male,2,2002,0.023809523809523808,0.07142857142857142,0.047619047619047616
het_black_male,2,2003,0.011904761904761904,0.08333333333333333,0.07142857142857142
het_black_male,2,2004,0.03571428571428571,0.11904761904761904,0.08333333333333333
het_black_male,2,2005,0.13095238095238096,0.25,0.11904761904761904
het_black_male,2,2006,0.10714285714285714,0.35714285714285715,0.25
het_black_male,2,2007,0.16666666666666666,0.5238095238095238,0.35714285714285715
het_black_male,2,2008,0.20238095238095238,0.7261904761904762,0.5238095238095238
het_black_male,2,2009,0.27380952380952384,1,0.7261904761904762
het_black_male,3,2000,0.12037037037037036,0.12037037037037036,0
het_black_male,3,2001,0.04398148148148148,0.16435185185185186,0.12037037037037036
het_black_male,3,2002,0.027777777777777776,0.19212962962962962,0.16435185185185186
het_black_male,3,2003,0.05787037037037037,0.25,0.19212962962962962
het_black_male,3,2004,0.09722222222222222,0.3472222222222222,0.25
het_black_male,3,2005,0.08564814814814815,0.43287037037037035,0.3472222222222222
het_black_male,3,2006,0.11805555555555555,0.5509259259259259,0.43287037037037035
het_black_male,3,2007,0.10416666666666667,0.6550925925925926,0.5509259259259259
het_black_male,3,2008,0.16898148148148148,0.8240740740740741,0.6550925925925926
het_black_male,3,2009,0.17592592592592593,1,0.8240740740740741
het_black_male,4,2000,0.24574669187145556,0.24574669187145556,0
het_black_male,4,2001,0.06427221172022685,0.3100189035916824,0.24574669187145556
het_black_male,4,2002,0.052930056710775046,0.36294896030245744,0.3100189035916824
het_black_male,4,2003,0.06805293005671077,0.43100189035916825,0.36294896030245744
het_black_male,4,2004,0.06994328922495274,0.500945179584121,0.43100189035916825
het_black_male,4,2005,0.0888468809073724,0.5897920604914934,0.500945179584121
het_black_male,4,2006,0.08506616257088846,0.6748582230623819,0.5897920604914934
het_black_male,4,2007,0.0888468809073724,0.7637051039697542,0.6748582230623819
het_black_male,4,2008,0.11058601134215501,0.8742911153119093,0.7637051039697542
het_black_male,4,2009,0.12570888468809074,1,0.8742911153119093
het_black_male,5,2000,0.2897727272727273,0.2897727272727273,0
het_black_male,5,2001,0.06960227272727272,0.359375,0.2897727272727273
het_black_male,5,2002,0.03977272727272727,0.3991477272727273,0.359375
het_black_male,5,2003,0.0625,0.4616477272727273,0.3991477272727273
het_black_male,5,2004,0.07954545454545454,0.5411931818181819,0.4616477272727273
het_black_male,5,2005,0.07528409090909091,0.6164772727272727,0.5411931818181819
het_black_male,5,2006,0.09232954545454546,0.7088068181818182,0.6164772727272727
het_black_male,5,2007,0.08522727272727272,0.7940340909090909,0.7088068181818182
het_black_male,5,2008,0.10369318181818182,0.8977272727272727,0.7940340909090909
het_black_male,5,2009,0.10227272727272728,1,0.8977272727272727
het_black_male,6,2000,0.3076923076923077,0.3076923076923077,0
het_black_male,6,2001,0.07692307692307693,0.38461538461538464,0.3076923076923077
het_black_male,6,2002,0.08974358974358974,0.4743589743589744,0.38461538461538464
het_black_male,6,2003,0.05128205128205128,0.5256410256410257,0.4743589743589744
het_black_male,6,2004,0.07051282051282051,0.5961538461538461,0.5256410256410257
het_black_male,6,2005,0.08333333333333333,0.6794871794871795,0.5961538461538461
het_black_male,6,2006,0.08974358974358974,0.7692307692307693,0.6794871794871795
het_black_male,6,2007,0.0641025641025641,0.8333333333333334,0.7692307692307693
het_black_male,6,2008,0.08333333333333333,0.9166666666666666,0.8333333333333334
het_black_male,6,2009,0.08333333333333333,1,0.9166666666666666
het_black_male,7,2000,0.49019607843137253,0.49019607843137253,0
het_black_male,7,2001,0.0392156862745098,0.5294117647058824,0.49019607843137253
het_black_male,7,2002,0.0392156862745098,0.5686274509803921,0.5294117647058824
het_black_male,7,2003,0.058823529411764705,0.6274509803921569,0.5686274509803921
het_black_male,7,2004,0.0392156862745098,0.6666666666666666,0.6274509803921569
het_black_male,7,2005,0.0196078431372549,0.6862745098039216,0.6666666666666666
het_black_male,7,2006,0.11764705882352941,0.803921568627451,0.6862745098039216
het_black_male,7,2007,0.0784313725490196,0.8823529411764706,0.803921568627451
het_black_male,7,2008,0.0784313725490196,0.9607843137254901,0.8823529411764706
het_black_male,7,2009,0.0392156862745098,1,0.9607843137254901
het_hisp_male,2,2000,0.015384615384615385,0.015384615384615385,0
het_hisp_male,2,2001,0.015384615384615385,0.03076923076923077,0.015384615384615385
het_hisp_male,2,2002,0.015384615384615385,0.046153846153846156,0.03076923076923077
het_hisp_male,2,2003,0.015384615384615385,0.06153846153846154,0.046153846153846156
het_hisp_male,2,2004,0.046153846153846156,0.1076923076923077,0.06153846153846154
het_hisp_male,2,2005,0.046153846153846156,0.15384615384615385,0.1076923076923077
het_hisp_male,2,2006,0.07692307692307693,0.23076923076923078,0.15384615384615385
het_hisp_male,2,2007,0.15384615384615385,0.38461538461538464,0.23076923076923078
het_hisp_male,2,2008,0.26153846153846155,0.6461538461538462,0.38461538461538464
het_hisp_male,2,2009,0.35384615384615387,1,0.6461538461538462
het_hisp_male,3,2000,0.11016949152542373,0.11016949152542373,0
het_hisp_male,3,2001,0.05084745762711865,0.1610169491525424,0.11016949152542373
het_hisp_male,3,2002,0.05508474576271186,0.21610169491525424,0.1610169491525424
het_hisp_male,3,2003,0.059322033898305086,0.2754237288135593,0.21610169491525424
het_hisp_male,3,2004,0.11016949152542373,0.385593220338983,0.2754237288135593
het_hisp_male,3,2005,0.09745762711864407,0.4830508474576271,0.385593220338983
het_hisp_male,3,2006,0.09745762711864407,0.5805084745762712,0.4830508474576271
het_hisp_male,3,2007,0.1228813559322034,0.7033898305084746,0.5805084745762712
het_hisp_male,3,2008,0.1652542372881356,0.8686440677966102,0.7033898305084746
het_hisp_male,3,2009,0.13135593220338984,1,0.8686440677966102
het_hisp_male,4,2000,0.27058823529411763,0.27058823529411763,0
het_hisp_male,4,2001,0.05588235294117647,0.3264705882352941,0.27058823529411763
het_hisp_male,4,2002,0.041176470588235294,0.3676470588235294,0.3264705882352941
het_hisp_male,4,2003,0.08823529411764706,0.45588235294117646,0.3676470588235294
het_hisp_male,4,2004,0.07941176470588235,0.5352941176470588,0.45588235294117646
het_hisp_male,4,2005,0.10882352941176471,0.6441176470588235,0.5352941176470588
het_hisp_male,4,2006,0.08235294117647059,0.7264705882352941,0.6441176470588235
het_hisp_male,4,2007,0.07941176470588235,0.8058823529411765,0.7264705882352941
het_hisp_male,4,2008,0.1,0.9058823529411765,0.8058823529411765
het_hisp_male,4,2009,0.09411764705882353,1,0.9058823529411765
het_hisp_male,5,2000,0.3191489361702128,0.3191489361702128,0
het_hisp_male,5,2001,0.05319148936170213,0.37234042553191493,0.3191489361702128
het_hisp_male,5,2002,0.0425531914893617,0.4148936170212766,0.37234042553191493
het_hisp_male,5,2003,0.03723404255319149,0.4521276595744681,0.4148936170212766
het_hisp_male,5,2004,0.06914893617021277,0.5212765957446809,0.4521276595744681
het_hisp_male,5,2005,0.09042553191489362,0.6117021276595744,0.5212765957446809
het_hisp_male,5,2006,0.06914893617021277,0.6808510638297872,0.6117021276595744
het_hisp_male,5,2007,0.10638297872340426,0.7872340425531915,0.6808510638297872
het_hisp_male,5,2008,0.1276595744680851,0.9148936170212766,0.7872340425531915
het_hisp_male,5,2009,0.0851063829787234,1,0.9148936170212766
het_hisp_male,6,2000,0.35384615384615387,0.35384615384615387,0
het_hisp_male,6,2001,0.1076923076923077,0.46153846153846156,0.35384615384615387
het_hisp_male,6,2002,0.06153846153846154,0.5230769230769231,0.46153846153846156
het_hisp_male,6,2003,0.03076923076923077,0.5538461538461539,0.5230769230769231
het_hisp_male,6,2004,0.07692307692307693,0.6307692307692307,0.5538461538461539
het_hisp_male,6,2005,0.07692307692307693,0.7076923076923077,0.6307692307692307
het_hisp_male,6,2006,0.13846153846153847,0.8461538461538463,0.7076923076923077
het_hisp_male,6,2007,0.07692307692307693,0.9230769230769231,0.8461538461538463
het_hisp_male,6,2008,0.046153846153846156,0.9692307692307693,0.9230769230769231
het_hisp_male,6,2009,0.03076923076923077,1,0.9692307692307693
het_hisp_male,7,2000,0.5,0.5,0
het_hisp_male,7,2001,0.1,0.6,0.5
het_hisp_male,7,2002,0.05,0.65,0.6
het_hisp_male,7,2003,0.05,0.7,0.65
het_hisp_male,7,2004,0.1,0.8,0.7
het_hisp_male,7,2005,0,0.8,0.8
het_hisp_male,7,2006,0.05,0.85,0.8
het_hisp_male,7,2007,0,0.85,0.85
het_hisp_male,7,2008,0.1,0.9500000000000001,0.85
het_hisp_male,7,2009,0.05,1,0.9500000000000001
msm_hisp_male,1,2000,0,0,0
msm_hisp_male,1,2001,0,0,0
msm_hisp_male,1,2002,0,0,0
msm_hisp_male,1,2003,0,0,0
msm_hisp_male,1,2004,0,0,0
msm_hisp_male,1,2005,0,0,0
msm_hisp_male,1,2006,0,0,0
msm_hisp_male,1,2007,0,0,0
msm_hisp_male,1,2008,0,0,0
msm_hisp_male,1,2009,1,1,0
msm_hisp_male,2,2000,0.00847457627118644,0.00847457627118644,0
msm_hisp_male,2,2001,0,0.00847457627118644,0.00847457627118644
msm_hisp_male,2,2002,0.00847457627118644,0.01694915254237288,0.00847457627118644
msm_hisp_male,2,2003,0.012711864406779662,0.029661016949152543,0.01694915254237288
msm_hisp_male,2,2004,0.038135593220338986,0.06779661016949153,0.029661016949152543
msm_hisp_male,2,2005,0.06779661016949153,0.13559322033898305,0.06779661016949153
msm_hisp_male,2,2006,0.1059322033898305,0.24152542372881355,0.13559322033898305
msm_hisp_male,2,2007,0.1652542372881356,0.4067796610169492,0.24152542372881355
msm_hisp_male,2,2008,0.2076271186440678,0.614406779661017,0.4067796610169492
msm_hisp_male,2,2009,0.3855932203389831,1,0.614406779661017
msm_hisp_male,3,2000,0.1458966565349544,0.1458966565349544,0
msm_hisp_male,3,2001,0.030395136778115502,0.1762917933130699,0.1458966565349544
msm_hisp_male,3,2002,0.041033434650455926,0.21732522796352582,0.1762917933130699
msm_hisp_male,3,2003,0.0547112462006079,0.27203647416413373,0.21732522796352582
msm_hisp_male,3,2004,0.08966565349544073,0.36170212765957444,0.27203647416413373
msm_hisp_male,3,2005,0.09574468085106383,0.4574468085106383,0.36170212765957444
msm_hisp_male,3,2006,0.11702127659574468,0.5744680851063829,0.4574468085106383
msm_hisp_male,3,2007,0.11094224924012158,0.6854103343465046,0.5744680851063829
msm_hisp_male,3,2008,0.13829787234042554,0.8237082066869301,0.6854103343465046
msm_hisp_male,3,2009,0.1762917933130699,1,0.8237082066869301
msm_hisp_male,4,2000,0.3065049614112459,0.3065049614112459,0
msm_hisp_male,4,2001,0.06615214994487321,0.3726571113561191,0.3065049614112459
msm_hisp_male,4,2002,0.05622932745314223,0.42888643880926136,0.3726571113561191
msm_hisp_male,4,2003,0.07276736493936053,0.5016538037486219,0.42888643880926136
msm_hisp_male,4,2004,0.05953693495038589,0.5611907386990077,0.5016538037486219
msm_hisp_male,4,2005,0.08269018743109151,0.6438809261300993,0.5611907386990077
msm_hisp_male,4,2006,0.08158765159867695,0.7254685777287763,0.6438809261300993
msm_hisp_male,4,2007,0.07938257993384785,0.804851157662624,0.7254685777287763
msm_hisp_male,4,2008,0.09922822491730982,0.9040793825799339,0.804851157662624
msm_hisp_male,4,2009,0.09592061742006615,1,0.9040793825799339
msm_hisp_male,5,2000,0.4355400696864111,0.4355400696864111,0
msm_hisp_male,5,2001,0.07665505226480836,0.5121951219512195,0.4355400696864111
msm_hisp_male,5,2002,0.06620209059233449,0.5783972125435539,0.5121951219512195
msm_hisp_male,5,2003,0.03484320557491289,0.6132404181184669,0.5783972125435539
msm_hisp_male,5,2004,0.04878048780487805,0.662020905923345,0.6132404181184669
msm_hisp_male,5,2005,0.05226480836236934,0.7142857142857143,0.662020905923345
msm_hisp_male,5,2006,0.07317073170731707,0.7874564459930313,0.7142857142857143
msm_hisp_male,5,2007,0.07317073170731707,0.8606271777003484,0.7874564459930313
msm_hisp_male,5,2008,0.08710801393728224,0.9477351916376306,0.8606271777003484
msm_hisp_male,5,2009,0.05226480836236934,1,0.9477351916376306
msm_hisp_male,6,2000,0.6290322580645161,0.6290322580645161,0
msm_hisp_male,6,2001,0.03225806451612903,0.6612903225806451,0.6290322580645161
msm_hisp_male,6,2002,0.016129032258064516,0.6774193548387096,0.6612903225806451
msm_hisp_male,6,2003,0.08064516129032258,0.7580645161290323,0.6774193548387096
msm_hisp_male,6,2004,0.016129032258064516,0.7741935483870968,0.7580645161290323
msm_hisp_male,6,2005,0.03225806451612903,0.8064516129032258,0.7741935483870968
msm_hisp_male,6,2006,0.03225806451612903,0.8387096774193549,0.8064516129032258
msm_hisp_male,6,2007,0.016129032258064516,0.8548387096774194,0.8387096774193549
msm_hisp_male,6,2008,0.08064516129032258,0.9354838709677419,0.8548387096774194
msm_hisp_male,6,2009,0.06451612903225806,1,0.9354838709677419
msm_hisp_male,7,2000,0.65,0.65,0
msm_hisp_male,7,2001,0,0.65,0.65
msm_hisp_male,7,2002,0.05,0.7000000000000001,0.65
msm_hisp_male,7,2003,0.05,0.75,0.7000000000000001
msm_hisp_male,7,2004,0,0.75,0.75
msm_hisp_male,7,2005,0.1,0.8500000000000001,0.75
msm_hisp_male,7,2006,0.1,0.9500000000000001,0.8500000000000001
msm_hisp_male,7,2007,0,0.9500000000000001,0.9500000000000001
msm_hisp_male,7,2008,0,0.9500000000000001,0.9500000000000001
msm_hisp_male,7,2009,0.05,1,0.9500000000000001
idu_black_female,2,2000,0,0,0
idu_black_female,2,2001,0,0,0
idu_black_female,2,2002,0,0,0
idu_black_female,2,2003,0,0,0
idu_black_female,2,2004,0,0,0
idu_black_female,2,2005,0,0,0
idu_black_female,2,2006,0,0,0
idu_black_female,2,2007,0.75,0.75,0
idu_black_female,2,2008,0,0.75,0.75
idu_black_female,2,2009,0.25,1,0.75
idu_black_female,3,2000,0.14583333333333334,0.14583333333333334,0
idu_black_female,3,2001,0.0625,0.20833333333333334,0.14583333333333334
idu_black_female,3,2002,0.08333333333333333,0.2916666666666667,0.20833333333333334
idu_black_female,3,2003,0.125,0.4166666666666667,0.2916666666666667
idu_black_female,3,2004,0.020833333333333332,0.4375,0.4166666666666667
idu_black_female,3,2005,0.08333333333333333,0.5208333333333334,0.4375
idu_black_female,3,2006,0.08333333333333333,0.6041666666666666,0.5208333333333334
idu_black_female,3,2007,0.10416666666666667,0.7083333333333334,0.6041666666666666
idu_black_female,3,2008,0.16666666666666666,0.875,0.7083333333333334
idu_black_female,3,2009,0.125,1,0.875
idu_black_female,4,2000,0.3828125,0.3828125,0
idu_black_female,4,2001,0.05078125,0.43359375,0.3828125
idu_black_female,4,2002,0.05859375,0.4921875,0.43359375
idu_black_female,4,2003,0.07421875,0.56640625,0.4921875
idu_black_female,4,2004,0.0546875,0.62109375,0.56640625
idu_black_female,4,2005,0.07421875,0.6953125,0.62109375
idu_black_female,4,2006,0.05078125,0.74609375,0.6953125
idu_black_female,4,2007,0.05859375,0.8046875,0.74609375
idu_black_female,4,2008,0.109375,0.9140625,0.8046875
idu_black_female,4,2009,0.0859375,1,0.9140625
idu_black_female,5,2000,0.43,0.43,0
idu_black_female,5,2001,0.07666666666666666,0.5066666666666666,0.43
idu_black_female,5,2002,0.02,0.5266666666666666,0.5066666666666666
idu_black_female,5,2003,0.06666666666666667,0.5933333333333333,0.5266666666666666
idu_black_female,5,2004,0.043333333333333335,0.6366666666666666,0.5933333333333333
idu_black_female,5,2005,0.06333333333333334,0.7,0.6366666666666666
idu_black_female,5,2006,0.08666666666666667,0.7866666666666666,0.7
idu_black_female,5,2007,0.06666666666666667,0.8533333333333333,0.7866666666666666
idu_black_female,5,2008,0.06666666666666667,0.92,0.8533333333333333
idu_black_female,5,2009,0.08,1,0.92
idu_black_female,6,2000,0.3125,0.3125,0
idu_black_female,6,2001,0.03125,0.34375,0.3125
idu_black_female,6,2002,0.0625,0.40625,0.34375
idu_black_female,6,2003,0.09375,0.5,0.40625
idu_black_female,6,2004,0.0625,0.5625,0.5
idu_black_female,6,2005,0.125,0.6875,0.5625
idu_black_female,6,2006,0.0625,0.75,0.6875
idu_black_female,6,2007,0.0625,0.8125,0.75
idu_black_female,6,2008,0.125,0.9375,0.8125
idu_black_female,6,2009,0.0625,1,0.9375
msm_white_male,1,2000,0,0,0
msm_white_male,1,2001,0,0,0
msm_white_male,1,2002,0,0,0
msm_white_male,1,2003,0,0,0
msm_white_male,1,2004,0,0,0
msm_white_male,1,2005,0,0,0
msm_white_male,1,2006,0,0,0
msm_white_male,1,2007,0,0,0
msm_white_male,1,2008,0,0,0
msm_white_male,1,2009,1,1,0
msm_white_male,2,2000,0.012658227848101266,0.012658227848101266,0
msm_white_male,2,2001,0.015189873417721518,0.027848101265822784,0.012658227848101266
msm_white_male,2,2002,0.007594936708860759,0.035443037974683546,0.027848101265822784
msm_white_male,2,2003,0.017721518987341773,0.053164556962025315,0.035443037974683546
msm_white_male,2,2004,0.03291139240506329,0.08607594936708861,0.053164556962025315
msm_white_male,2,2005,0.06329113924050633,0.14936708860759496,0.08607594936708861
msm_white_male,2,2006,0.09113924050632911,0.24050632911392406,0.14936708860759496
msm_white_male,2,2007,0.15949367088607594,0.4,0.24050632911392406
msm_white_male,2,2008,0.2430379746835443,0.6430379746835443,0.4
msm_white_male,2,2009,0.3569620253164557,1,0.6430379746835443
msm_white_male,3,2000,0.1696165191740413,0.1696165191740413,0
msm_white_male,3,2001,0.03982300884955752,0.20943952802359883,0.1696165191740413
msm_white_male,3,2002,0.04129793510324484,0.25073746312684364,0.20943952802359883
msm_white_male,3,2003,0.05530973451327434,0.306047197640118,0.25073746312684364
msm_white_male,3,2004,0.07448377581120944,0.3805309734513274,0.306047197640118
msm_white_male,3,2005,0.07964601769911504,0.46017699115044247,0.3805309734513274
msm_white_male,3,2006,0.0943952802359882,0.5545722713864307,0.46017699115044247
msm_white_male,3,2007,0.1275811209439528,0.6821533923303835,0.5545722713864307
msm_white_male,3,2008,0.15265486725663716,0.8348082595870207,0.6821533923303835
msm_white_male,3,2009,0.16519174041297935,1,0.8348082595870207
msm_white_male,4,2000,0.4046805153825927,0.4046805153825927,0
msm_white_male,4,2001,0.054167762292926636,0.45884827767551933,0.4046805153825927
msm_white_male,4,2002,0.04470155140678412,0.5035498290823035,0.45884827767551933
msm_white_male,4,2003,0.0589008677359979,0.5624506968183014,0.5035498290823035
msm_white_male,4,2004,0.06337102287667631,0.6258217196949777,0.5624506968183014
msm_white_male,4,2005,0.06284512227189061,0.6886668419668682,0.6258217196949777
msm_white_male,4,2006,0.07651853799631869,0.7651853799631869,0.6886668419668682
msm_white_male,4,2007,0.07310018406521168,0.8382855640283986,0.7651853799631869
msm_white_male,4,2008,0.075992637391533,0.9142782014199317,0.8382855640283986
msm_white_male,4,2009,0.08572179858006837,1,0.9142782014199317
msm_white_male,5,2000,0.5137690094533498,0.5137690094533498,0
msm_white_male,5,2001,0.052609946568023015,0.5663789560213728,0.5137690094533498
msm_white_male,5,2002,0.03740238388820386,0.6037813399095767,0.5663789560213728
msm_white_male,5,2003,0.05137690094533498,0.6551582408549117,0.6037813399095767
msm_white_male,5,2004,0.05754212905877518,0.7127003699136868,0.6551582408549117
msm_white_male,5,2005,0.05219893136046034,0.7648993012741472,0.7127003699136868
msm_white_male,5,2006,0.05795314426633785,0.822852445540485,0.7648993012741472
msm_white_male,5,2007,0.06411837237977805,0.8869708179202631,0.822852445540485
msm_white_male,5,2008,0.06411837237977805,0.9510891903000411,0.8869708179202631
msm_white_male,5,2009,0.048910809699958896,1,0.9510891903000411
msm_white_male,6,2000,0.5646879756468798,0.5646879756468798,0
msm_white_male,6,2001,0.0654490106544901,0.6301369863013699,0.5646879756468798
msm_white_male,6,2002,0.0487062404870624,0.6788432267884323,0.6301369863013699
msm_white_male,6,2003,0.0502283105022831,0.7290715372907154,0.6788432267884323
msm_white_male,6,2004,0.045662100456621,0.7747336377473364,0.7290715372907154
msm_white_male,6,2005,0.0441400304414003,0.8188736681887367,0.7747336377473364
msm_white_male,6,2006,0.0410958904109589,0.8599695585996956,0.8188736681887367
msm_white_male,6,2007,0.060882800608828,0.9208523592085236,0.8599695585996956
msm_white_male,6,2008,0.0334855403348554,0.954337899543379,0.9208523592085236
msm_white_male,6,2009,0.045662100456621,1,0.954337899543379
msm_white_male,7,2000,0.6036036036036037,0.6036036036036037,0
msm_white_male,7,2001,0.04504504504504504,0.6486486486486487,0.6036036036036037
msm_white_male,7,2002,0.04504504504504504,0.6936936936936937,0.6486486486486487
msm_white_male,7,2003,0.02702702702702703,0.7207207207207208,0.6936936936936937
msm_white_male,7,2004,0.09009009009009009,0.8108108108108109,0.7207207207207208
msm_white_male,7,2005,0.05405405405405406,0.8648648648648649,0.8108108108108109
msm_white_male,7,2006,0.036036036036036036,0.9009009009009009,0.8648648648648649
msm_white_male,7,2007,0.04504504504504504,0.9459459459459459,0.9009009009009009
msm_white_male,7,2008,0.04504504504504504,0.9909909909909911,0.9459459459459459
msm_white_male,7,2009,0.009009009009009009,1,0.9909909909909911
het_white_male,2,2000,0,0,0
het_white_male,2,2001,0,0,0
het_white_male,2,2002,0,0,0
het_white_male,2,2003,0,0,0
het_white_male,2,2004,0.16666666666666666,0.16666666666666666,0
het_white_male,2,2005,0.1111111111111111,0.2777777777777778,0.16666666666666666
het_white_male,2,2006,0,0.2777777777777778,0.2777777777777778
het_white_male,2,2007,0.05555555555555555,0.3333333333333333,0.2777777777777778
het_white_male,2,2008,0.3333333333333333,0.6666666666666666,0.3333333333333333
het_white_male,2,2009,0.3333333333333333,1,0.6666666666666666
het_white_male,3,2000,0.18421052631578946,0.18421052631578946,0
het_white_male,3,2001,0.02631578947368421,0.21052631578947367,0.18421052631578946
het_white_male,3,2002,0.043859649122807015,0.2543859649122807,0.21052631578947367
het_white_male,3,2003,0.02631578947368421,0.2807017543859649,0.2543859649122807
het_white_male,3,2004,0.07894736842105263,0.35964912280701755,0.2807017543859649
het_white_male,3,2005,0.07017543859649122,0.4298245614035088,0.35964912280701755
het_white_male,3,2006,0.10526315789473684,0.5350877192982456,0.4298245614035088
het_white_male,3,2007,0.13157894736842105,0.6666666666666666,0.5350877192982456
het_white_male,3,2008,0.19298245614035087,0.8596491228070176,0.6666666666666666
het_white_male,3,2009,0.14035087719298245,1,0.8596491228070176
het_white_male,4,2000,0.3685800604229607,0.3685800604229607,0
het_white_male,4,2001,0.03625377643504532,0.404833836858006,0.3685800604229607
het_white_male,4,2002,0.05740181268882175,0.4622356495468278,0.404833836858006
het_white_male,4,2003,0.06948640483383686,0.5317220543806647,0.4622356495468278
het_white_male,4,2004,0.11178247734138973,0.6435045317220544,0.5317220543806647
het_white_male,4,2005,0.0513595166163142,0.6948640483383686,0.6435045317220544
het_white_male,4,2006,0.0755287009063444,0.770392749244713,0.6948640483383686
het_white_male,4,2007,0.0755287009063444,0.8459214501510574,0.770392749244713
het_white_male,4,2008,0.07854984894259819,0.9244712990936556,0.8459214501510574
het_white_male,4,2009,0.0755287009063444,1,0.9244712990936556
het_white_male,5,2000,0.3946360153256705,0.3946360153256705,0
het_white_male,5,2001,0.05747126436781609,0.4521072796934866,0.3946360153256705
het_white_male,5,2002,0.07279693486590039,0.524904214559387,0.4521072796934866
het_white_male,5,2003,0.06896551724137931,0.5938697318007663,0.524904214559387
het_white_male,5,2004,0.0842911877394636,0.6781609195402298,0.5938697318007663
het_white_male,5,2005,0.05747126436781609,0.735632183908046,0.6781609195402298
het_white_male,5,2006,0.05747126436781609,0.7931034482758621,0.735632183908046
het_white_male,5,2007,0.07662835249042145,0.8697318007662835,0.7931034482758621
het_white_male,5,2008,0.07662835249042145,0.946360153256705,0.8697318007662835
het_white_male,5,2009,0.05363984674329502,1,0.946360153256705
het_white_male,6,2000,0.44036697247706424,0.44036697247706424,0
het_white_male,6,2001,0.03669724770642202,0.47706422018348627,0.44036697247706424
het_white_male,6,2002,0.01834862385321101,0.4954128440366973,0.47706422018348627
het_white_male,6,2003,0.11926605504587157,0.6146788990825689,0.4954128440366973
het_white_male,6,2004,0.06422018348623854,0.6788990825688074,0.6146788990825689
het_white_male,6,2005,0.08256880733944955,0.761467889908257,0.6788990825688074
het_white_male,6,2006,0.07339449541284404,0.834862385321101,0.761467889908257
het_white_male,6,2007,0.06422018348623854,0.8990825688073395,0.834862385321101
het_white_male,6,2008,0.08256880733944955,0.9816513761467891,0.8990825688073395
het_white_male,6,2009,0.01834862385321101,1,0.9816513761467891
het_white_male,7,2000,0.5416666666666666,0.5416666666666666,0
het_white_male,7,2001,0.041666666666666664,0.5833333333333333,0.5416666666666666
het_white_male,7,2002,0.08333333333333333,0.6666666666666666,0.5833333333333333
het_white_male,7,2003,0.041666666666666664,0.7083333333333333,0.6666666666666666
het_white_male,7,2004,0.125,0.8333333333333333,0.7083333333333333
het_white_male,7,2005,0,0.8333333333333333,0.8333333333333333
het_white_male,7,2006,0.041666666666666664,0.875,0.8333333333333333
het_white_male,7,2007,0.125,1,0.875
het_white_male,7,2008,0,1,1
het_white_male,7,2009,0,1,1
idu_hisp_female,2,2000,0,0,0
idu_hisp_female,2,2001,0,0,0
idu_hisp_female,2,2002,0,0,0
idu_hisp_female,2,2003,0.25,0.25,0
idu_hisp_female,2,2004,0,0.25,0.25
idu_hisp_female,2,2005,0,0.25,0.25
idu_hisp_female,2,2006,0,0.25,0.25
idu_hisp_female,2,2007,0.5,0.75,0.25
idu_hisp_female,2,2008,0,0.75,0.75
idu_hisp_female,2,2009,0.25,1,0.75
idu_hisp_female,3,2000,0.18181818181818182,0.18181818181818182,0
idu_hisp_female,3,2001,0,0.18181818181818182,0.18181818181818182
idu_hisp_female,3,2002,0.18181818181818182,0.36363636363636365,0.18181818181818182
idu_hisp_female,3,2003,0,0.36363636363636365,0.36363636363636365
idu_hisp_female,3,2004,0,0.36363636363636365,0.36363636363636365
idu_hisp_female,3,2005,0,0.36363636363636365,0.36363636363636365
idu_hisp_female,3,2006,0.18181818181818182,0.5454545454545454,0.36363636363636365
idu_hisp_female,3,2007,0,0.5454545454545454,0.5454545454545454
idu_hisp_female,3,2008,0.2727272727272727,0.8181818181818181,0.5454545454545454
idu_hisp_female,3,2009,0.18181818181818182,1,0.8181818181818181
idu_hisp_female,4,2000,0.2708333333333333,0.2708333333333333,0
idu_hisp_female,4,2001,0.0625,0.3333333333333333,0.2708333333333333
idu_hisp_female,4,2002,0.020833333333333332,0.35416666666666663,0.3333333333333333
idu_hisp_female,4,2003,0.08333333333333333,0.4375,0.35416666666666663
idu_hisp_female,4,2004,0.0625,0.5,0.4375
idu_hisp_female,4,2005,0.08333333333333333,0.5833333333333333,0.5
idu_hisp_female,4,2006,0.08333333333333333,0.6666666666666666,0.5833333333333333
idu_hisp_female,4,2007,0.16666666666666666,0.8333333333333333,0.6666666666666666
idu_hisp_female,4,2008,0.10416666666666667,0.9375,0.8333333333333333
idu_hisp_female,4,2009,0.0625,1,0.9375
idu_hisp_female,5,2000,0.47058823529411764,0.47058823529411764,0
idu_hisp_female,5,2001,0.0196078431372549,0.49019607843137253,0.47058823529411764
idu_hisp_female,5,2002,0.0392156862745098,0.5294117647058824,0.49019607843137253
idu_hisp_female,5,2003,0.09803921568627451,0.6274509803921569,0.5294117647058824
idu_hisp_female,5,2004,0.0392156862745098,0.6666666666666666,0.6274509803921569
idu_hisp_female,5,2005,0.058823529411764705,0.7254901960784313,0.6666666666666666
idu_hisp_female,5,2006,0.0196078431372549,0.7450980392156863,0.7254901960784313
idu_hisp_female,5,2007,0.11764705882352941,0.8627450980392157,0.7450980392156863
idu_hisp_female,5,2008,0.058823529411764705,0.9215686274509803,0.8627450980392157
idu_hisp_female,5,2009,0.0784313725490196,1,0.9215686274509803
idu_hisp_female,6,2000,0.2857142857142857,0.2857142857142857,0
idu_hisp_female,6,2001,0,0.2857142857142857,0.2857142857142857
idu_hisp_female,6,2002,0.14285714285714285,0.42857142857142855,0.2857142857142857
idu_hisp_female,6,2003,0,0.42857142857142855,0.42857142857142855
idu_hisp_female,6,2004,0,0.42857142857142855,0.42857142857142855
idu_hisp_female,6,2005,0,0.42857142857142855,0.42857142857142855
idu_hisp_female,6,2006,0,0.42857142857142855,0.42857142857142855
idu_hisp_female,6,2007,0.14285714285714285,0.5714285714285714,0.42857142857142855
idu_hisp_female,6,2008,0.14285714285714285,0.7142857142857142,0.5714285714285714
idu_hisp_female,6,2009,0.2857142857142857,1,0.7142857142857142
idu_hisp_female,7,2000,0,0,0
idu_hisp_female,7,2001,0,0,0
idu_hisp_female,7,2002,0,0,0
idu_hisp_female,7,2003,0,0,0
idu_hisp_female,7,2004,1,1,0
idu_hisp_female,7,2005,0,1,1
idu_hisp_female,7,2006,0,1,1
idu_hisp_female,7,2007,0,1,1
idu_hisp_female,7,2008,0,1,1
idu_hisp_female,7,2009,0,1,1
het_white_female,1,2000,0,0,0
het_white_female,1,2001,0,0,0
het_white_female,1,2002,0,0,0
het_white_female,1,2003,0,0,0
het_white_female,1,2004,0,0,0
het_white_female,1,2005,0,0,0
het_white_female,1,2006,0,0,0
het_white_female,1,2007,0,0,0
het_white_female,1,2008,1,1,0
het_white_female,1,2009,0,1,1
het_white_female,2,2000,0.0392156862745098,0.0392156862745098,0
het_white_female,2,2001,0.0392156862745098,0.0784313725490196,0.0392156862745098
het_white_female,2,2002,0.0196078431372549,0.09803921568627451,0.0784313725490196
het_white_female,2,2003,0,0.09803921568627451,0.09803921568627451
het_white_female,2,2004,0.09803921568627451,0.19607843137254902,0.09803921568627451
het_white_female,2,2005,0.1568627450980392,0.3529411764705882,0.19607843137254902
het_white_female,2,2006,0.09803921568627451,0.45098039215686275,0.3529411764705882
het_white_female,2,2007,0.09803921568627451,0.5490196078431373,0.45098039215686275
het_white_female,2,2008,0.17647058823529413,0.7254901960784313,0.5490196078431373
het_white_female,2,2009,0.27450980392156865,1,0.7254901960784313
het_white_female,3,2000,0.2637795275590551,0.2637795275590551,0
het_white_female,3,2001,0.04330708661417323,0.3070866141732283,0.2637795275590551
het_white_female,3,2002,0.07086614173228346,0.3779527559055118,0.3070866141732283
het_white_female,3,2003,0.07874015748031496,0.45669291338582674,0.3779527559055118
het_white_female,3,2004,0.10236220472440945,0.5590551181102362,0.45669291338582674
het_white_female,3,2005,0.07480314960629922,0.6338582677165354,0.5590551181102362
het_white_female,3,2006,0.06299212598425197,0.6968503937007874,0.6338582677165354
het_white_female,3,2007,0.08661417322834646,0.7834645669291338,0.6968503937007874
het_white_female,3,2008,0.09055118110236221,0.8740157480314961,0.7834645669291338
het_white_female,3,2009,0.12598425196850394,1,0.8740157480314961
het_white_female,4,2000,0.425,0.425,0
het_white_female,4,2001,0.058333333333333334,0.48333333333333334,0.425
het_white_female,4,2002,0.05555555555555555,0.5388888888888889,0.48333333333333334
het_white_female,4,2003,0.03333333333333333,0.5722222222222222,0.5388888888888889
het_white_female,4,2004,0.08055555555555556,0.6527777777777778,0.5722222222222222
het_white_female,4,2005,0.05555555555555555,0.7083333333333334,0.6527777777777778
het_white_female,4,2006,0.06666666666666667,0.775,0.7083333333333334
het_white_female,4,2007,0.07222222222222222,0.8472222222222222,0.775
het_white_female,4,2008,0.08888888888888889,0.9361111111111111,0.8472222222222222
het_white_female,4,2009,0.06388888888888888,1,0.9361111111111111
het_white_female,5,2000,0.5111111111111111,0.5111111111111111,0
het_white_female,5,2001,0.035555555555555556,0.5466666666666666,0.5111111111111111
het_white_female,5,2002,0.035555555555555556,0.5822222222222222,0.5466666666666666
het_white_female,5,2003,0.04888888888888889,0.6311111111111111,0.5822222222222222
het_white_female,5,2004,0.05333333333333334,0.6844444444444444,0.6311111111111111
het_white_female,5,2005,0.05333333333333334,0.7377777777777778,0.6844444444444444
het_white_female,5,2006,0.02666666666666667,0.7644444444444444,0.7377777777777778
het_white_female,5,2007,0.07111111111111111,0.8355555555555555,0.7644444444444444
het_white_female,5,2008,0.06666666666666667,0.9022222222222221,0.8355555555555555
het_white_female,5,2009,0.09777777777777778,1,0.9022222222222221
het_white_female,6,2000,0.5285714285714286,0.5285714285714286,0
het_white_female,6,2001,0.05714285714285714,0.5857142857142857,0.5285714285714286
het_white_female,6,2002,0.07142857142857142,0.6571428571428571,0.5857142857142857
het_white_female,6,2003,0.07142857142857142,0.7285714285714285,0.6571428571428571
het_white_female,6,2004,0.05714285714285714,0.7857142857142857,0.7285714285714285
het_white_female,6,2005,0.02857142857142857,0.8142857142857143,0.7857142857142857
het_white_female,6,2006,0.04285714285714286,0.8571428571428571,0.8142857142857143
het_white_female,6,2007,0.05714285714285714,0.9142857142857143,0.8571428571428571
het_white_female,6,2008,0.05714285714285714,0.9714285714285714,0.9142857142857143
het_white_female,6,2009,0.02857142857142857,1,0.9714285714285714
het_white_female,7,2000,0.35714285714285715,0.35714285714285715,0
het_white_female,7,2001,0.07142857142857142,0.4285714285714286,0.35714285714285715
het_white_female,7,2002,0.14285714285714285,0.5714285714285714,0.4285714285714286
het_white_female,7,2003,0.07142857142857142,0.6428571428571428,0.5714285714285714
het_white_female,7,2004,0.07142857142857142,0.7142857142857143,0.6428571428571428
het_white_female,7,2005,0.07142857142857142,0.7857142857142857,0.7142857142857143
het_white_female,7,2006,0.07142857142857142,0.8571428571428571,0.7857142857142857
het_white_female,7,2007,0,0.8571428571428571,0.8571428571428571
het_white_female,7,2008,0.07142857142857142,0.9285714285714286,0.8571428571428571
het_white_female,7,2009,0.07142857142857142,1,0.9285714285714286
idu_white_female,2,2000,0.0625,0.0625,0
idu_white_female,2,2001,0.0625,0.125,0.0625
idu_white_female,2,2002,0,0.125,0.125
idu_white_female,2,2003,0,0.125,0.125
idu_white_female,2,2004,0.0625,0.1875,0.125
idu_white_female,2,2005,0.0625,0.25,0.1875
idu_white_female,2,2006,0.0625,0.3125,0.25
idu_white_female,2,2007,0.25,0.5625,0.3125
idu_white_female,2,2008,0.0625,0.625,0.5625
idu_white_female,2,2009,0.375,1,0.625
idu_white_female,3,2000,0.2857142857142857,0.2857142857142857,0
idu_white_female,3,2001,0.06722689075630252,0.3529411764705882,0.2857142857142857
idu_white_female,3,2002,0.058823529411764705,0.4117647058823529,0.3529411764705882
idu_white_female,3,2003,0.05042016806722689,0.4621848739495798,0.4117647058823529
idu_white_female,3,2004,0.10084033613445378,0.5630252100840336,0.4621848739495798
idu_white_female,3,2005,0.11764705882352941,0.680672268907563,0.5630252100840336
idu_white_female,3,2006,0.05042016806722689,0.7310924369747899,0.680672268907563
idu_white_female,3,2007,0.07563025210084033,0.8067226890756303,0.7310924369747899
idu_white_female,3,2008,0.1092436974789916,0.9159663865546218,0.8067226890756303
idu_white_female,3,2009,0.08403361344537816,1,0.9159663865546218
idu_white_female,4,2000,0.3492822966507177,0.3492822966507177,0
idu_white_female,4,2001,0.0861244019138756,0.4354066985645933,0.3492822966507177
idu_white_female,4,2002,0.0430622009569378,0.4784688995215311,0.4354066985645933
idu_white_female,4,2003,0.07655502392344497,0.5550239234449761,0.4784688995215311
idu_white_female,4,2004,0.10526315789473684,0.6602870813397129,0.5550239234449761
idu_white_female,4,2005,0.06698564593301436,0.7272727272727273,0.6602870813397129
idu_white_female,4,2006,0.09090909090909091,0.8181818181818181,0.7272727272727273
idu_white_female,4,2007,0.06220095693779904,0.8803827751196173,0.8181818181818181
idu_white_female,4,2008,0.05263157894736842,0.9330143540669856,0.8803827751196173
idu_white_female,4,2009,0.06698564593301436,1,0.9330143540669856
idu_white_female,5,2000,0.38405797101449274,0.38405797101449274,0
idu_white_female,5,2001,0.057971014492753624,0.44202898550724634,0.38405797101449274
idu_white_female,5,2002,0.050724637681159424,0.49275362318840576,0.44202898550724634
idu_white_female,5,2003,0.09420289855072464,0.5869565217391304,0.49275362318840576
idu_white_female,5,2004,0.07971014492753623,0.6666666666666666,0.5869565217391304
idu_white_female,5,2005,0.06521739130434782,0.7318840579710145,0.6666666666666666
idu_white_female,5,2006,0.050724637681159424,0.782608695652174,0.7318840579710145
idu_white_female,5,2007,0.07246376811594203,0.855072463768116,0.782608695652174
idu_white_female,5,2008,0.08695652173913043,0.9420289855072463,0.855072463768116
idu_white_female,5,2009,0.057971014492753624,1,0.9420289855072463
idu_white_female,6,2000,0.46153846153846156,0.46153846153846156,0
idu_white_female,6,2001,0,0.46153846153846156,0.46153846153846156
idu_white_female,6,2002,0,0.46153846153846156,0.46153846153846156
idu_white_female,6,2003,0.15384615384615385,0.6153846153846154,0.46153846153846156
idu_white_female,6,2004,0,0.6153846153846154,0.6153846153846154
idu_white_female,6,2005,0,0.6153846153846154,0.6153846153846154
idu_white_female,6,2006,0.15384615384615385,0.7692307692307693,0.6153846153846154
idu_white_female,6,2007,0,0.7692307692307693,0.7692307692307693
idu_white_female,6,2008,0.23076923076923078,1,0.7692307692307693
idu_white_female,6,2009,0,1,1
idu_white_female,7,2000,0.6666666666666666,0.6666666666666666,0
idu_white_female,7,2001,0,0.6666666666666666,0.6666666666666666
idu_white_female,7,2002,0,0.6666666666666666,0.6666666666666666
idu_white_female,7,2003,0,0.6666666666666666,0.6666666666666666
idu_white_female,7,2004,0,0.6666666666666666,0.6666666666666666
idu_white_female,7,2005,0,0.6666666666666666,0.6666666666666666
idu_white_female,7,2006,0,0.6666666666666666,0.6666666666666666
idu_white_female,7,2007,0.3333333333333333,1,0.6666666666666666
idu_white_female,7,2008,0,1,1
idu_white_female,7,2009,0,1,1

481fcd5014ae69e6a6b7e6ed86fccfadb4c6dcdd